[
    {
        "title": "Rogue Waters",
        "coverImage": "https://cdn1.epicgames.com/spt-assets/0432328c147947ce8ac177a88ce06cc0/rogue-waters-fkag9.jpg?resize=1&w=360&h=480&quality=medium",
        "product_link": "https://store.epicgames.com/en-US/p/rogue-waters-9764d6",
        "price": 10,
        "description": "BECOME THE PIRATE CAPTAIN Set sail as Captain Cutter, a pirate caught in a deadly struggle for power and vengeance. Navigate dangerous waters, unleash",
        "developer": "Tripwire Presents",
        "publisher": "Tripwire Presents",
        "platform": ["PC"],
        "releaseDate": "09/30/2024",
        "categories": ["66b9dd69a2711bcbbd0a5dbb"]
    },
    {
        "title": "The Axis Unseen",
        "coverImage": "https://cdn1.epicgames.com/spt-assets/315690ce6cc14e97851dc45c604270c4/the-axis-unseen-1yki8.jpg?resize=1&w=360&h=480&quality=medium",
        "product_link": "https://store.epicgames.com/en-US/p/the-axis-unseen-439821",
        "price": 10,
        "description": "The Axis Unseen The Axis Unseen is a heavy metal horror game created by one of the developers of Skyrim, Starfield and Fallout. Hunt nightmarish monst",
        "developer": "Just Purkey Games",
        "publisher": "Just Purkey Games",
        "platform": ["PC"],"categories": ["66adb8889d9e502cee864d9f", "66adba309d9e502cee864dd1"],
        "releaseDate": "10/22/2024"
    },
    {
        "title": "Blade of God X",
        "coverImage": "https://cdn1.epicgames.com/spt-assets/557fb2a2e101498bb9fe6998ee36154b/bogx-109cg.jpg?resize=1&w=360&h=480&quality=medium",
        "product_link": "https://store.epicgames.com/en-US/p/bogx-a639f3",
        "price": 0,
        "description": "Developer BOGX emerges from the shadows as a captivating dark-themed Action RPG crafted by Void Labs, marking a thrilling continuation of the Blade of",
        "developer": "03/07/2024",
        "publisher": "03/07/2024",
        "platform": ["PC"],
        "categories": ["66adba2c9d9e502cee864dce"],
        "releaseDate": "03/11/2024"
    },
    {
        "title": "The Coma 2B: Catacomb",
        "coverImage": "https://cdn1.epicgames.com/spt-assets/1a47c7bc94f0452885db1f9695ebb7e4/the-coma-2b-catacomb-1t2y1.jpg?resize=1&w=360&h=480&quality=medium",
        "product_link": "https://store.epicgames.com/en-US/p/the-coma-2b-catacomb-c3842a",
        "price": 8,
        "description": "Youngho has finally escaped the terrifying mirror dimension called “The Coma” and is back at school, enjoying his life. But… something is not quite ri",
        "developer": "Headup Publishing",
        "publisher": "Headup Publishing",
        "platform": ["PC"],
        "categories": ["66adb8889d9e502cee864d9f", "66bade0da2711bcbbd0a4dbc"],
        "releaseDate": "10/25/2024"
    },
    {
        "title": "The Forever Winter",
        "coverImage": "https://cdn1.epicgames.com/spt-assets/f610b3bd4c744a37b1dc88faf67a80af/the-forever-winter-1c2p9.jpg?resize=1&w=360&h=480&quality=medium",
        "product_link": "https://store.epicgames.com/en-US/p/the-forever-winter-8b8280",
        "price": 0,
        "description": "You’re A Small Fish In A Big Apocalypse. Scavenge and fight for your next day alive under the shadow of gargantuan war machines. Enemies in the game c",
        "developer": "Fun Dog Studios",
        "publisher": "Fun Dog Studios",
        "platform": ["PC"],
        "categories": ["66adb8889d9e502cee864d9f", "66b9dd6ca2711bcbbd0a5dbc"],
        "releaseDate": "09/25/2024"
    },
    {
        "title": "EA SPORTS FC™ 25 Standard Edition",
        "coverImage": "https://cdn1.epicgames.com/offer/b61e8ddd14e94619b7a74cf9d73f86b5/EGS_EASPORTSFC25StandardEdition_EACanada_S2_1200x1600-6e6b5c1d5d30e15b1dbdde721c6bc544?resize=1&w=360&h=480&quality=medium",
        "product_link": "https://store.epicgames.com/en-US/p/ea-sports-fc-25",
        "price": 0,
        "description": "EA SPORTS FC™ 25 Standard Edition Introducing Club Membership. The next phase of loyalty in EA SPORTS FC™ 25. Available to fans that have played EA SP",
        "developer": "Electronic Arts",
        "publisher": "Electronic Arts",
        "platform": ["PC"],
        "categories": ["66adba279d9e502cee864dcb"],
        "releaseDate": "09/27/2024"
    },
    {
        "title": "Breachway",
        "coverImage": "https://cdn1.epicgames.com/spt-assets/683b6385907c42c2bbd3e549f05f925f/breachway-s4ia0.png?resize=1&w=360&h=480&quality=medium",
        "product_link": "https://store.epicgames.com/en-US/p/breachway-aa1bbf",
        "price": 9,
        "description": "ABOUT THIS GAME Captain – assemble your crew, load out your ship, and prepare to engage in intense turn-based battles while navigating through the gal",
        "developer": "Hooded Horse",
        "publisher": "Hooded Horse",
        "platform": ["PS5"],
        "categories": ["66adb8889d9e502cee864d9f"],
        "releaseDate": "09/26/2024"
    },
    {
        "title": "Until Dawn",
        "coverImage": "https://cdn1.epicgames.com/offer/110d3c2c06d6481eb6852a4d2e6a5480/EGS_UntilDawn_BallisticMoon_S2_1200x1600-021b399d7587ef255b2385e0e5787bc0?resize=1&w=360&h=480&quality=medium",
        "product_link": "https://store.epicgames.com/en-US/p/until-dawn",
        "price": 0,
        "description": "Game Overview When eight friends return to the isolated lodge where two of their group vanished a year prior, fear tightens its icy grip, and their mo",
        "developer": "PlayStation Publishing LLC",
        "publisher": "PlayStation Publishing LLC",
        "platform": ["PS5"],
        "categories": ["66adb8889d9e502cee864d9f", "66bade0da2711bcbbd0a4dbc"],
        "releaseDate": "10/04/2024"
    },
    {
        "title": "Off The Grid",
        "coverImage": "https://cdn1.epicgames.com/spt-assets/6539240b4a2f47fd834a969bdf008ce9/off-the-grid-1i54s.jpg?resize=1&w=360&h=480&quality=medium",
        "product_link": "https://store.epicgames.com/en-US/p/off-the-grid-7e3cc5",
        "price": 0,
        "description": "Get ready to dive into the ultimate Extraction Royale where PvP and PvE collide in an all-out battle for survival! Teardrop Island—once full of promis",
        "developer": "Windows",
        "publisher": "Windows",
        "platform": ["PS5"],
        "categories": ["66b9dd4ca2711bcbbd0a4db9", "66adb8889d9e502cee864d9f"],
        "releaseDate": "10/08/2024"
    },
    {
        "title": "Iron Meat",
        "coverImage": "https://cdn1.epicgames.com/spt-assets/a249d726601a4747919e89f2fe787b3a/iron-meat-68dfb.png?resize=1&w=360&h=480&quality=medium",
        "product_link": "https://store.epicgames.com/en-US/p/iron-meat-1e9b84",
        "price": 8,
        "description": "ABOUT THE GAME Iron Meat is a fast-paced, run-and-gun shooter that immerses players in a world overrun by The Meat--an all-consuming interdimensional ",
        "developer": "Retroware",
        "publisher": "Retroware",
        "platform": ["PS5"],
        "categories": ["66adba309d9e502cee864dd1"],
        "releaseDate": "09/26/2024"
    },
    {
        "title": "Priest Simulator Vampire Show",
        "coverImage": "https://cdn1.epicgames.com/spt-assets/9689d25009da4e7ba76ef251e80b2e40/priest-simulator-vampire-show-10n7w.jpg?resize=1&w=360&h=480&quality=me",
        "product_link": "https://store.epicgames.com/en-US/p/priest-simulator-vampire-show-71f336",
        "price": 8,
        "description": "Divine arms at your disposal Use your divine arsenal of 8 unique weapons. You’ve got two hands. That means two weapons at once! Defend San de Ville fr",
        "developer": "Ultimate Games S.A.",
        "publisher": "Ultimate Games S.A.",
        "platform": ["PS5"],
        "categories": ["66b9dd69a2711bcbbd0a5dbb"],
        "releaseDate": "09/26/2024"
    },
    {
        "title": "Potion Tycoon",
        "coverImage": "https://cdn1.epicgames.com/spt-assets/419f4d4dae1c4e0eb4b7ba336cd5712f/potion-tycoon-uqo7i.png?resize=1&w=360&h=480&quality=medium",
        "product_link": "https://store.epicgames.com/en-US/p/potion-tycoon-c7a63a",
        "price": 9,
        "description": "Features Build and grow your own potion shop from the ground up Design your store layout and carefully manage resources to maximize profits Acquire th",
        "developer": "Nacon",
        "platform": ["PS5"],
        "publisher": "Nacon",
        "categories": ["66b9dd69a2711bcbbd0a5dbb"],
        "releaseDate": "09/25/2024"
    }, 
    {
        "title": "GT Manager",
        "coverImage": "https://cdn1.epicgames.com/spt-assets/cc69d5d2aacf4cffa8cc476e68073a6d/gt-manager-qew3i.jpg?resize=1&w=360&h=480&quality=medium",
        "product_link": "https://store.epicgames.com/en-US/p/gt-manager-2ecaa6",
        "price": 10,
        "description": "Create your team, recruit and manage your staff, scout sponsors to finance your racing operations and improve your car performances. On race day, the pit lane echoes with the sound of roaring engines, where passion converges with strategy; the collective efforts of your team is about to unfold on the track. It is now your turn to master the art of racing by making split-second decisions to outsmart rival teams.",
        "developer": "THE TINY DIGITAL FACTORY",
        "publisher": "THE TINY DIGITAL FACTORY",
        "platform": ["PS5"],
        "categories": ["66b9dd69a2711bcbbd0a5dbb"],
        "releaseDate": "10/08/2024"
    },
    {
        "title": "Mechwarrior 5 Clans",
        "coverImage": "https://cdn1.epicgames.com/spt-assets/832fe73ecc634845974b2c9234283487/mechwarrior-5-clans-81zwr.jpg?resize=1&w=360&h=480&quality=medium",
        "product_link": "https://store.epicgames.com/en-US/p/mechwarrior-5-clans-e50e3a",
        "price": 22,
        "description": "MECHWARRIOR 5: CLANS In MECHWARRIOR 5: CLANS, players take on the role of a newly graduated pilot from the Smoke Jaguar cadet program, thrust into the",
        "developer": "Piranha Games, Inc",
        "publisher": "Piranha Games, Inc",
        "platform": ["PS5"],
        "categories": [
"66adba2c9d9e502cee864dce",
"66adba309d9e502cee864dd1"
],
        "releaseDate": "10/17/2024"
    },
    {
        "title": "While We Wait Here",
        "coverImage": "https://cdn1.epicgames.com/spt-assets/51577e4679a24c27a2c881830ea9796a/while-we-wait-here-12hhn.jpg?resize=1&w=360&h=480&quality=medium",
        "product_link": "https://store.epicgames.com/en-US/p/while-we-wait-here-94fa5d",
        "price": 2,
        "description": "‘While We Wait Here’ is a kitchen management game with dialogue choices and multiple endings. Run a small diner located near a mountain range, take or",
        "developer": "Bad Vices Games",
        "publisher": "Bad Vices Games",
        "platform": ["PS5"],
        "categories": [
        "66b9dd69a2711bcbbd0a5dbb"
        ],
        "releaseDate": "10/23/2024"
    },
    {
        "title": "Exographer",
        "coverImage": "https://cdn1.epicgames.com/spt-assets/2573fb1bf7ea41418df4219a4e665ebf/exographer-u26ul.png?resize=1&w=360&h=480&quality=medium",
        "product_link": "https://store.epicgames.com/en-US/p/exographer-6a3d57",
        "price": 10,
        "description": "Accompany InI, on a rescue mission in an alien world. Discover the remains of an extinct civilization, and gain new powers to overcome different obsta",
        "developer": "Abylight Studios",
        "publisher": "Abylight Studios",
        "platform": ["Xbox"],
        "categories": ["66adb8889d9e502cee864d9f"],
        "releaseDate": "09/26/2024"
    },
    {
        "title": "EA Sports WRC 2024",
        "coverImage": "https://cdn1.epicgames.com/offer/50b6612049324d0faf8642014139b082/EGS_EASPORTSWRC24_Codemasters_S2_1200x1600-485f732f94088f59a02d68eebf64c6e5?resize=1&w=360&h=480&quality=medium",
        "product_link": "https://store.epicgames.com/en-US/p/ea-sports-wrc-2024",
        "price": 0,
        "description": "Buy EA SPORTS™ WRC 2024* to get: EA SPORTS™ WRC Locations & Car Content Pack Le Maestros Content Pack Hard Chargers Content Pack",
        "developer": "Electronic Arts",
        "publisher": "Electronic Arts",
        "platform": ["Xbox"],
        "categories": ["66adba279d9e502cee864dcb", "66adba9e9d9e502cee864dd4"],
        "releaseDate": "10/08/2024"
    },
    {
        "title": "Drive Rally",
        "coverImage": "https://cdn1.epicgames.com/spt-assets/3986c872aa1c4bc2b9fbf01892ec951c/drive-rally-1qwq7.jpg?resize=1&w=360&h=480&quality=medium",
        "product_link": "https://store.epicgames.com/en-US/p/drive-rally-d500ef",
        "price": 9,
        "description": "#DRIVE Rally not only nails the spirit of the 90s. It reignites it for a new generation of drivers. Whether you're a veteran of dirt roads or a rookie",
        "developer": "Pixel Perfect Dude S.A.",
        "publisher": "Pixel Perfect Dude S.A.",
        "platform": ["Xbox"],
        "categories": ["66adba9e9d9e502cee864dd4"],
        "releaseDate": "09/25/2024"
    },
    {
        "title": "[REDACTED]",
        "coverImage": "https://cdn1.epicgames.com/spt-assets/38d7f3e2a3854e9fa4c31456b87c899f/redacted-e6htl.jpg?resize=1&w=360&h=480&quality=medium",
        "product_link": "https://store.epicgames.com/en-US/p/redacted-d9d21e",
        "price": 10,
        "description": "Your job is simple – get to the last escape pod and get out alive. Black Iron, a state-of-the-art penitentiary located on Jupiter’s icy moon Callisto,",
        "developer": "Striking Distance Studios",
        "publisher": "Krafton",
        "platform": ["Xbox"],
        "categories": ["66adb8889d9e502cee864d9f"],
        "releaseDate": "10/31/2024"
    }
]
